,Unnamed: 0,User,Date Created,Number of Likes,Source of Tweet,Tweet,Feeling
0,0,wchacon,2022-07-05 19:58:34+00:00,0,dlvr.it,"Asia's Largest, Prized Hackathon Organised by Morpheus Labs and Blockchain Association of Singapore (BAS) - Benzinga https://t.co/fJTtYubWPz",Positive
1,1,CaritauInfo,2022-07-05 19:05:01+00:00,0,WordPress.com,Hackathon Terbesar dan Berharga di Asia Diselenggarakan oleh Morpheus Labs dan Blockchain Association of Singapore (BAS) Akan Hadir di Singapura pada Juli 2022 ‚Äì Situs Berita¬†Blockchain https://t.co/rDDzCcnZfV,Neutral
2,2,InvestorIdeas,2022-07-05 16:10:02+00:00,0,dlvr.it,"Asia's Largest, Prized Hackathon Organised by Morpheus Labs and Blockchain Association of Singapore (BAS) Coming to Singapore in July 2022 https://t.co/lFDbJU33i0 #Crypto",Positive
3,3,delete75522330,2022-07-05 15:05:32+00:00,0,Twitter Web App,"Asia's Largest, Prized Hackathon Organised by Morpheus Labs and Blockchain Association of Singapore (BAS) Coming to Singapore in July 2022 . Singapore, Singapore--(Newsfile Corp. - July 5, 2022) - Morpheus Labs and Blockchain Association of Singapore (B",Positive
4,4,xiaojiuwo8,2022-07-05 14:07:29+00:00,0,Twitter Web App,"Asia's Largest, Prized Hackathon Organised by Morpheus Labs and Blockchain Association of Singapore (BAS ... . Singapore, Singapore--(Newsfile Corp. - July 5, 2022) - Morpheus Labs and Blockchain Association of Singapore (BAS) today announced the launch of the.",Positive
5,5,5ireChain,2022-07-05 13:51:49+00:00,3294,Twitter for Android,"1/2

@5irechain is excited to be the Main sponsor of Singapore #Blockchain Weeks Hackathon Along with @morpheuslabs_io &amp; @HuaweiCloudAPAC to increase accessibility, education &amp; Innovation to built the future of #Web3 Together.

#singapore #conference #huawei #atlas #apac https://t.co/s3TxKrJpj3",Positive
6,6,ChallengeServer,2022-07-05 08:21:06+00:00,0,WordPress.com,"Asia‚Äôs largest, prized hackathon coming to Singapore in July¬†2022 https://t.co/98g4JfYSer",Positive
7,7,PressRelease_cc,2022-07-05 05:35:24+00:00,0,WordPress.com,"Asia‚Äôs largest, prized hackathon coming to Singapore in July¬†2022 https://t.co/eqa9NsucZW",Positive
8,8,BlockTides,2022-07-01 04:09:24+00:00,19,Twitter for iPhone,"SINGAPORE METAVERSE WEEK!üá∏üá¨

Web3 Conference, Web 3 Hackathon by Morpheus Labs and Metaverse Nova Idol 2022‚≠êÔ∏è

8 days event brought to you by Asia Token Fund, Block Tides, AC Capital, Morpheus Labs, Coin Sessions Entertainment, KX Capital, Reactify &amp; VIA.

Exciting 8-days eventüëèüèª https://t.co/R6PhOUDrUz",Positive
9,9,ComplicatedIsOK,2022-06-30 21:48:18+00:00,5,Twitter Web App,"Less than one month to Morpheus Labs' hackathon in Singapore 

With virtual participation options, as well!

ü¶ö Strut your stuff. ü¶ö

@GeeqCommunity 
@Web3_Summit 
@Prepare4VC 
@WomeninWeb3DAO",Positive
10,10,AsiaTokenFund,2022-06-30 19:29:35+00:00,34,Twitter for iPhone,"SINGAPORE METAVERSE WEEK!üá∏üá¨

Web3 Conference, Web 3 Hackathon by Morpheus Labs and Metaverse Nova Idol 2022‚≠êÔ∏è

8 days event brought to you by Asia Token Fund, Block Tides, AC Capital, Morpheus Labs, Coin Sessions Entertainment, KX Capital, Reactify &amp; VIA.

Exciting 8-days eventüëèüèª https://t.co/rxpbxdNBCT",Positive
11,11,S2BConnected,2022-06-29 05:56:43+00:00,4,LinkedIn,"Let's find ideas that impact our world! Please be invited to join our Hackathon in Singapore as part of the Singaporean Blockchain week. 
Decide by your convenience to join online or offline!
But 1st just register! We looking forward to meeting you!

Regi‚Ä¶https://t.co/K4l4RMXKNr",Positive
12,12,morpheuslabs_io,2022-06-23 07:07:12+00:00,32,Twitter for iPhone,"Happy mid-week to #MorpheusLabs community. We would love to share that we will be organising a #hackathon with Huawei Cloud at the Singapore #Blockchain Week; one of Asia‚Äôs #largest blockchain events this coming #July

More updates to come, stay tuned 

https://t.co/IwjZhr6xAx",Positive
13,13,lowcodegeeks,2022-06-21 05:32:29+00:00,2,Twitter Web App,"Are you a nonprofit organization with a vision for the betterment of the world? This is your chance to build your future with #lowcode at @Mendix's MxHacks 2022 ‚Äì Low-Code for Good! 

Locations: Boston, London, Rotterdam, and Singapore. 

#lowcode #NoCode #hackathon",Positive
14,14,bigideaventures,2022-06-20 08:05:35+00:00,1,Twitter Web App,We are hosting the world's first foodtech-focused hackathon targeting secondary school girls ages 13-16 years old.  The event is taking place in Singapore on July 1-2 üôå All secondary school girls are welcome to join the event! Register here https://t.co/di3r4K1K0X,Positive
15,15,MicrosoftASIA,2022-06-18 04:00:01+00:00,0,Emplifi,"Inclusive innovation from Thailand, Singapore and Philippines took centre stage at our AI for #Accessibility Hackathon. Bridge the disability divide in #APAC: https://t.co/T5MAVb2jBG #inclusvity https://t.co/njpuQhGhaS",Positive
16,16,vlookup_ai,2022-06-17 09:37:18+00:00,0,Twitter for iPhone,"A look into the Hackathon Empowering Girls in tech, where our teams are working hard on creative solutions for real life problems.

Stay tuned for more updates!  

@ncsgroupofficial 

Video Credits: Girls in Tech Singapore

#hackathon #womenintech #girlsintech #empoweringwomen https://t.co/2maflkpKfb",Positive
17,17,AgeProphecy,2022-06-16 23:31:49+00:00,0,Twitter Web App,"We would like to propose Singapore as a #HackNode during the @NEARProtocol Hackathon starting October 15th!
Want to join us??
#NEARHacks",Positive
18,18,Infinideas,2022-06-15 02:08:27+00:00,8,Twitter for iPhone,"Going to #CannesLions - winning prize of a global hackathon three years ago!!! So why not make it a tour to meet clients, my #IBMGarage project teams, &amp; designers around the world? 

#Singapore 15-18 Jun
#Cannes 19-26 Jun
#London 26 Jun - 5 July

Let's meet up! 
#CatchMeIfYouCan https://t.co/IE0u6Mdgw0",Positive
19,19,Dutchitchannel,2022-06-14 12:15:07+00:00,0,dlvr.it,"Mendix: non-profitorganisaties kunnen use case indienen voor wereldwijde hackathon: Mendix organiseert op 23 en 24 september MxHacks 2022, een hackathon op vier locaties: Boston, Londen, Rotterdam en Singapore. Voor deze hackathon nodigt Mendix‚Ä¶ https://t.co/qimTHcieAF https://t.co/x20lrkCPV9",Neutral
20,20,tweetsep,2022-06-14 12:03:08+00:00,0,dlvr.it,"Mendix: non-profitorganisaties kunnen use case indienen voor wereldwijde hackathon: Mendix organiseert op 23 en 24 september MxHacks 2022, een hackathon op vier locaties: Boston, Londen, Rotterdam en Singapore. Voor deze hackathon nodigt Mendix‚Ä¶ https://t.co/zFCAWgTSx7 https://t.co/86FqGaTRZ7",Neutral
21,21,MicrosoftASIA,2022-06-14 12:00:07+00:00,1,Emplifi,"A huge congratulations to our AI for #Accessibility Hackathon APAC Winners from Thailand, Singapore and Philippines: https://t.co/T5MAVb2jBG #diversity https://t.co/9UFbB1h6FK",Positive
22,22,DouglasGan,2022-06-08 22:54:53+00:00,0,Twitter for iPhone,"Is #Singapore being mocked while @binance continue to obtain licenses left right and centre?

Did a https://t.co/I1ugKOt5qB sometime back, suggesting to the #MAS a few key ideas, happy to see them implementing it at their new hackathon.",Positive
23,23,seeinplays,2022-06-08 22:02:37+00:00,3,Twitter for iPhone,"Guys, a green hackathon called GreenHouse Hacks by @AlgoFoundation and it‚Äôs happening in Singapore üëÄ #AVMAustin https://t.co/jI4cLek5Jg",Neutral
24,24,MicrosoftASIA,2022-06-07 12:00:07+00:00,2,Emplifi,"A huge congratulations to our AI for #Accessibility Hackathon APAC Winners from Thailand, Singapore and Philippines: https://t.co/T5MAVb2jBG #diversity https://t.co/nXlQO8LmGu",Positive
25,25,athi_ngubs,2022-06-02 22:17:53+00:00,0,FS-Poster-App,"Winners of Huawei Cloud Spark Hackathon Singapore 2022 Announced
https://t.co/juNrY8rwpp",Positive
26,26,MicrosoftASIA,2022-06-02 12:00:05+00:00,2,Emplifi,"Inclusive innovation from Thailand, Singapore and Philippines took centre stage at our AI for #Accessibility Hackathon. Bridge the disability divide in #APAC: https://t.co/T5MAVb2jBG #inclusvity https://t.co/5NamLuyR0B",Positive
27,27,MicrosoftASIA,2022-05-30 15:00:07+00:00,9,Emplifi,"A huge congratulations to our AI for #Accessibility Hackathon APAC Winners from Thailand, Singapore and Philippines: https://t.co/T5MAVb2jBG #diversity https://t.co/6wvbfrTD9H",Positive
28,28,AvePoint,2022-05-29 08:00:28+00:00,20,Hootsuite Inc.,Time‚Äôs up on May 31! ‚è∞ Don‚Äôt wait - register for the Microsoft Education Singapore Power Apps Hackathon Competition 2022. Click the link to register now: https://t.co/QTzZJ8DlTH. https://t.co/IEFBzPky9v,Negative
29,29,4AfricaCloud,2022-05-23 10:57:55+00:00,0,Twitter Web App,"Dare to drive innovation &amp; create a brighter future with the tools on #HuaweiCloud. Watch how tech enthusiasts, developers and aspiring entrepreneurs tackled the #HUAWEICLOUDSPARK Hackathon Singapore 2022: https://t.co/QOmwQYr2Hh #SPARKhackathon
 
#Cloud #Technology",Positive
30,30,OrangeMagTV,2022-05-21 10:00:20+00:00,1,Buffer,"Teams from Thailand, Singapore and Philippines are winners of the¬†Microsoft AI4A Hackathon¬†in APAC. In its third year, the AI4A Hackathon features teams who are deeply committed to solving real-world challenges faced by people with disabilities (PwD).¬†

https://t.co/nrDQ7mu0Ix",Positive
31,31,AvePoint,2022-05-20 20:30:03+00:00,19,Hootsuite Inc.,Microsoft x AvePoint = Microsoft Education Singapore Power Apps Hackathon Competition 2022‚ö°. Come together to empower educators with an idea hacking competition through collaborative learning. Registration closes May 31. Click the link to register: https://t.co/QTzZJ8lL29 https://t.co/NFHhG9Vm5N,Neutral
32,32,IHLDAO,2022-05-20 15:10:42+00:00,0,Twitter Web App,"Hey @t_blom we're setting up the world's first international hackathon league with top unis from EU, US &amp; Asia (Oxford, Cambridge, Princeton, Yale, Singapore etc.)

Would be great to show your support for #teamoxford with a retweet on the pinned tweet at the top?",Positive
33,33,leongilbert,2022-05-20 09:02:30+00:00,0,Twitter Web App,"Announcing Microsoft AI for Accessibility Hackathon APAC winners: Thailand, Singapore, and Philippines accelerate inclusive innovation | Media OutReach https://t.co/F0cCppPinj",Positive
34,34,appsgadget,2022-05-19 03:27:19+00:00,0,IFTTT,"https://t.co/BTWNW73jAQ from Thailand, Singapore and Philippines are winners of the Microsoft AI for Accessibility (AI4A) Hackathon in APAC. In its third year, the AI4A Hackathon features teams who are deeply committed to solving real-world challenges faced by people with disab‚Ä¶ https://t.co/tE8qGfuAoF",Positive
35,35,iorbitnews,2022-05-18 07:23:44+00:00,0,iOrbitNews,"PH among APAC winners of Microsoft's AI for Accessibility Hackathon - https://t.co/RNbQZ46wVK

Teams from Thailand, Singapore and Philippines are winners of the Microsoft AI for Accessibility (AI4A) Hackathon in APAC. In its third year, the AI4A Hackathon features teams who a... https://t.co/yNtSS7Y2hO",Positive
36,36,AAAEducators,2022-05-17 13:44:31+00:00,2,Twitter Web App,"The presentation will reflect on @Grincheva's experience participating in the Hackathon ‚ÄòDancing in the Metaverse‚Äô organized by the major performing arts venue in Singapore, Esplanade, in January 2022.",Neutral
37,37,diinsider,2022-05-17 10:08:35+00:00,0,Twitter for iPhone,"Climate Hack is an award-winning hackathon proudly brought to you by Singapore International Foundation and Code for Asia, made possible by SAP4Good and National Youth Council Singapore. 

For more information, please visit https://t.co/ZWBD5XRTio

#diinsider #climatehack https://t.co/Lm38XlCbl4",Positive
38,38,mor_asia,2022-05-17 01:31:55+00:00,0,Twitter Web App,"Announcing Microsoft AI for Accessibility Hackathon APAC winners: Thailand, Singapore, and Philippines accelerate inclusive innovation. Learn more about this on: https://t.co/iZqpWANkmz

@microsoft #technology #innovation #AI #hackathon #APAC",Positive
39,39,vlookup_ai,2022-05-15 05:57:30+00:00,0,Twitter for iPhone,We are excited to be the Mentoring Partner for the first ‚ÄòCross-Polytechnic Girls in Tech‚Äô society in Singapore to support their inaugural Hackathon.,Positive
40,40,GlobalNewsClubs,2022-05-14 09:36:29+00:00,0,WordPress.com,"Announcing Microsoft AI for Accessibility Hackathon APAC winners: Thailand, Singapore, and Philippines accelerate inclusive¬†innovation https://t.co/Gi76RAerTm",Positive
41,41,lhrtimes,2022-05-14 03:02:51+00:00,0,WordPress.com,"Announcing Microsoft AI for Accessibility Hackathon APAC winners: Thailand, Singapore, and Philippines accelerate inclusive¬†innovation https://t.co/6gZDTZqSPy",Positive
42,42,AsiaInsiders,2022-05-13 20:01:40+00:00,0,WordPress.com,"Announcing Microsoft AI for Accessibility Hackathon APAC winners: Thailand, Singapore, and Philippines accelerate inclusive¬†innovation https://t.co/444z0KT3qB",Positive
43,43,Malik31Mahmoudi,2022-05-13 13:50:56+00:00,0,WordPress.com,"Announcing Microsoft AI for Accessibility Hackathon APAC winners: Thailand, Singapore, and Philippines accelerate inclusive innovation | Taiwan¬†News https://t.co/hUvwwLcgvM",Positive
44,44,siamnewsnetwork,2022-05-13 09:08:07+00:00,0,WordPress.com,"Announcing Microsoft AI for Accessibility Hackathon APAC winners: Thailand, Singapore, and Philippines accelerate inclusive¬†innovation https://t.co/B80lyAiTTZ",Positive
45,45,CrweWorld,2022-05-13 09:00:05+00:00,0,CRWE World,"Announcing Microsoft AI for Accessibility Hackathon APAC winners: Thailand, Singapore, and Philippines accelerate in https://t.co/rkEDiv5sEu",Positive
46,46,CryptoBabyFil,2022-05-12 01:28:20+00:00,1,Twitter for Android,"üí´The Asia #Filecoin community is hosting a collaborative 4-day event on August 16th-19th called the #FIL-Singapore #Summit.

There will be: 
üåüSpeakers &amp; builders from across the #Web3 ecosystem
üåüIn-depth expert-led sessions 
üåü#Hackathon with prizes up to $100K &amp; more! üí∞ https://t.co/USXPH0csYd",Positive
47,47,Forum4theFuture,2022-05-10 09:43:42+00:00,1,Twitter Web App,What can Singaporeans do to help fuel the #greeneconomy? The @ChannelNewsAsia Green Plan Challenge sees residents in 15 Singapore towns giving businesses a green makeover. Watch Forum‚Äôs Managing Director @_eam participate as panellist in the hackathonüëáhttps://t.co/MQfW5jgWxN,Positive
48,48,Emersonnuqui02,2022-05-08 18:49:02+00:00,0,Twitter for iPhone,"aside sa stress na dulot sa akin ng hackathon na yan. this week din yung monthly data quality check namin sa singapore na tumatagal ng 3-5 days bago matapos, weekly data crawling for 2-3 days, kh monthly data check for 1 day and weekly data quality check for 2-3 days din.",Negative
49,49,GoogleCloud_SG,2022-05-06 01:12:24+00:00,0,Sprinklr,Just 2 days left to submit your ideas for the Google for Startups Cloud Hackathon Singapore! Register now to get direct mentorship with seasoned engineers and win some swag ‚û°Ô∏èhttps://t.co/vluZpBhz6y https://t.co/hRCSzevB3I,Positive
50,50,athi_ngubs,2022-05-02 21:14:34+00:00,0,FS-Poster-App,"Winners of Huawei Cloud Spark Hackathon Singapore 2022 Announced
https://t.co/u1O0GJXKg8",Positive
51,51,dexsychain,2022-04-28 18:05:04+00:00,0,dlvr.it,"More Than 400 Developers Joined Neo‚Äôs Polaris Launchpad Hackathon: [Singapore, April 26, 2022] ‚Äì Following the judge panel awarding multiplier rewards to early bird teams competing in Neo‚Äôs Polaris Launchpad Hackathon phase, interest in the‚Ä¶ https://t.co/B4tlAryy7G DEXSY NFT",Positive
52,52,Woodstockfund,2022-04-28 05:06:22+00:00,2,Twitter Web App,5/ Founding team of Struct met at the Antlers VC accelerator in Singapore and later won the Chainlink Fall Hackathon 2021 after which they decided to work full time on Struct.,Positive
53,53,NTUsg,2022-04-27 09:45:07+00:00,5,Twitter Web App,Kudos to two #NTUsg student teams who came in third at @Huawei Spark Hackathon Singapore 2022 for their #cloudbased #sustainability ideas. @HuaweiCloudAPAC  https://t.co/sPbKWeHNy6 https://t.co/O0dg7ZtpFK,Positive
54,54,rehownet2,2022-04-26 07:47:27+00:00,0,WordPress.com,Huawei Japan (Corporate) Announcement of Huawei Cloud Spark Hackathon Singapore 2022¬†Winners https://t.co/J4fm5gHtZj,Positive
55,55,athi_ngubs,2022-04-22 20:07:37+00:00,0,FS-Poster-App,"Winners of Huawei Cloud Spark Hackathon Singapore 2022 Announced
https://t.co/rqumvme39m",Positive
56,56,DemocracyLab,2022-04-21 15:55:02+00:00,2,Hootsuite Inc.,"#EarthDay is about to kick-off in Singapore!!! üåè‚ú®üåé‚ú® 
To celebrate, session 2 of our #hackathon begins in FIVE MINUTES!

Go check out what projects are pitching this session and contribute your #techforgood ‚¨áÔ∏è‚¨áÔ∏è‚¨áÔ∏è https://t.co/7AxKWaxxLs‚Ä¶

#earthday2022 #civictech #volunteer",Positive
57,57,EyeviewSL,2022-04-20 08:38:13+00:00,0,WordPress.com,Winners of Huawei Cloud Spark Hackathon Singapore 2022 Announced¬† https://t.co/1wsRpydIfp,Positive
58,58,deanbroers,2022-04-20 05:44:15+00:00,1,Smarp.,Calling all #startups! Check out the Google for Startups Cloud Hackathon Singapore 2022. Register your team and put your skills to do test. Find out more here.  https://t.co/xXBLwKxcvx,Neutral
59,59,neel5,2022-04-19 08:58:57+00:00,0,meditation Affinity,New post: Winners of Huawei Cloud Spark Hackathon Singapore 2022 Announced https://t.co/KorICPXufQ #businessnews #businessnewsthisweek,Positive
60,60,SAMENAcouncil,2022-04-15 14:15:14+00:00,0,TweetDeck,"Winners of @Huawei Cloud Spark Hackathon Singapore 2022 announced
Read More...
https://t.co/mewfFxBWFK https://t.co/zWz3L7xMKA",Positive
61,61,DrDataScientist,2022-04-14 11:50:04+00:00,0,dlvr.it,"Winners of Huawei Cloud Spark Hackathon Singapore 2022 Announced: At the inaugural Huawei Cloud Spark Hackathon Singapore 2022 final event last Friday, 10 teams pitched innovative‚Ä¶ https://t.co/TG89AFMesV #HuaweiUSA #5GGearUp #HWMBBF #ArtificialIntelligence #AI #Edge #Cloud #5G",Positive
62,62,1nterestingTech,2022-04-14 11:41:57+00:00,0,WellThatsInterestingTech,"""Velea wins National SmartStart Unipreneur Learning Platform Hackathon, gets tech trip to Singapore""
Full article: https://t.co/NHsMj7wbyA
#UNSDGs
#technews
#Tech",Positive
63,63,adysuryawan,2022-04-14 05:03:12+00:00,0,Smarp.,Calling all #startups! Check out the Google for Startups Cloud Hackathon Singapore 2022. Register your team and put your skills to do test. Find out more here.  https://t.co/Fl5EDP0wyP,Neutral
64,64,TutorCambodia,2022-04-13 03:56:24+00:00,1,Twitter Web App,"Velea wins National SmartStart Unipreneur Learning Platform Hackathon, gets tech trip to Singapore #education A member of Velea Hour Lenghuy said ‚ÄúI think everyone should learn about entrepreneurship and adopt an entrepreneurial mindset. https://t.co/wLsrsVMmCc",Positive
65,65,HuaweiCloudAPAC,2022-04-12 09:31:17+00:00,1,Twitter Web App,"Spark Hackathon 2022 https://t.co/IiDd1Uxbd3 via @YouTube 
We are thrilled to have you all catch the HUAWEI CLOUD Spark Hackathon Singapore 2022 Final here! It‚Äôs a day full of thrills and inspiration, where the top 10 teams pitched their ideas",Positive
66,66,HuaweiCloudAPAC,2022-04-12 04:00:00+00:00,0,Twitter for Advertisers,"Dare to drive innovation &amp; create a brighter future with the tools on #HUAWEICLOUD. If you‚Äôre a tech enthusiast, developer or an aspiring entrepreneur with a bold vision, join the #HUAWEICLOUDSPARK Hackathon Singapore 2022 NOW. https://t.co/2b3yosCOBT 

#SPARKhackathon https://t.co/dy7qb8v6Hc",Positive
67,67,larsdominic,2022-04-12 01:09:24+00:00,0,Smarp.,Calling all #startups! Check out the Google for Startups Cloud Hackathon Singapore 2022. Register your team and put your skills to do test. Find out more here.  https://t.co/79zcmgpg5q,Neutral
68,68,wojciehnet,2022-04-11 16:48:10+00:00,0,Smarp.,Calling all #startups! Check out the Google for Startups Cloud Hackathon Singapore 2022. Register your team and put your skills to do test. Find out more here.  https://t.co/czJZHkBT6a,Neutral
69,69,GoogleCloud_SG,2022-04-11 08:30:02+00:00,4,Sprinklr,We are excited to announce the launch of the Google for Startups Cloud Hackathon Singapore 2022! We can't wait to see your innovative solutions. Find out more and start registering your teams today: https://t.co/gHKd6Lf94O https://t.co/YJfyvPhNAA,Positive
70,70,HuaweiCloud1,2022-04-11 08:12:32+00:00,13,Twitter Web App,"Dare to drive innovation &amp; create a brighter future with the tools on #HUAWEICLOUD. If you‚Äôre a tech enthusiast, developer or an aspiring entrepreneur with a bold vision, join the #HUAWEICLOUDSPARK Hackathon Singapore 2022 NOW. https://t.co/zlA1KPOIpF #SPARKhackathon https://t.co/U1hKraEnp0",Positive
71,71,vijaykumarpj,2022-04-11 04:51:12+00:00,1,Smarp.,Calling all #startups! Check out the Google for Startups Cloud Hackathon Singapore 2022. Register your team and put your skills to do test. Find out more here.  https://t.co/w4Q9TN0XJP,Neutral
72,72,HuaweiAPAC,2022-04-11 03:22:10+00:00,0,Twitter Web App,"Dare to drive innovation &amp; create a brighter future with the tools on #Huawei Cloud. If you‚Äôre a tech enthusiast, developer or an aspiring entrepreneur with a bold vision, join the #HUAWEICLOUDSPARK Hackathon Singapore 2022 NOW. https://t.co/gdM1wsLqW0 #SPARKhackathon https://t.co/69tJWBqpCf",Positive
73,73,Huawei,2022-04-08 08:34:51+00:00,102,Twitter Media Studio,"Dare to drive innovation &amp; create a brighter future with the tools on #Huawei Cloud. If you‚Äôre a tech enthusiast, developer or an aspiring entrepreneur with a bold vision, join the #HUAWEICLOUDSPARK Hackathon Singapore 2022 NOW. https://t.co/opOqpaiuLr #SPARKhackathon https://t.co/fGmQEWKVOn",Positive
74,74,Prathameshrocco,2022-03-30 10:49:08+00:00,1,Twitter Web App,"Klaytn is helping young people turn their blockchain dreams into reality by sponsoring the PolyFinTech 100 Hackathon in Singapore. By sponsoring the event, Klatyn team of experts will be sharing authentic challenges and mentoring participants through workshops and clinic sessions",Positive
75,75,klaytn_official,2022-03-30 07:00:52+00:00,46,Hootsuite Inc.,"Building #games, #NFTs, and so much more in the #metaverse is practically impossible without young, creative minds! #Klaytn is sponsoring the PolyFinTech 100 Hackathon in Singapore which will help youths jump aboard the cryptocurrency train~ üöÄ https://t.co/48TFGl8f6p",Positive
76,76,tangible_token,2022-03-16 09:50:14+00:00,1,Makezu.io,"TRON Grand Hackathon 2022 Project Winners Announced | Over 120 submissions from builders globallySingapore, Singapore--(Newsfile Corp. - March 15, 2022) - The TRON Grand Hackathon  #dao

https://t.co/glF4vP8Xrm",Positive
77,77,BlockTelegraph,2022-03-09 14:02:08+00:00,0,IFTTT,"TRON Grand Hackathon 2022 Season One Draws to a Close with 82 Qualified Applicants Contesting For $500K Bounty https://t.co/mhIhip82ts Singapore, Singapore, 9th March, 2022, Chainwire TRON Grand Hackathon 2022 has been a raging success with a total of 1‚Ä¶ https://t.co/GfjH89OJ7l",Positive
78,78,BlockTelegraph,2022-03-06 19:52:39+00:00,0,IFTTT,"Valkyrie, VanEck, and HKUST Join The TRON Grand Hackathon 2022 as Strategic Partners and Judges https://t.co/WJOxCu4fa3 Singapore, Singapore, 6th March, 2022, TRON DAO and BitTorrent Chain (BTTC) are thrilled to announce that Valkyrie Investments, VanEc‚Ä¶ https://t.co/SA4nfUfwqR",Positive
79,79,NewCryptocurre1,2022-02-27 18:47:50+00:00,0,GT Auto-Poster,"The TRON Grand Hackathon 2022 Announces the First list of Partners to join the Permanent Judging Panel 
Singapore, Singapore, 27th February, ... #Announces #Grand #Hackathon #join #Judging #List #panel #Partners #Permanent #Tron
https://t.co/SKPbrIyOmL",Positive
80,80,CryptoSteamer,2022-02-27 16:22:09+00:00,0,RSS Ground,"The TRON Grand Hackathon 2022 Announces the First list of Partners to join the Permanent Judging Panel Buy Bitcoin here safe and secure by Bitonic ‚Üí Singapore, Singapore, 27th February, 2022, TRON DAO and Bit Torrent Chain... - https://t.co/qAjCP5ZTcv #cryptotrading",Positive
81,81,milesAKAmillz,2022-02-22 16:15:59+00:00,0,Twitter Web App,"9/

Team/partners:

Fully doxed team of 15+ passionate builders across Singapore, Philippines, India, USA, Indonesia.

$4.2M strategic token round backed by Solana Ventures &amp; Terraform Labs

They won 1st place in SCB10X Global DeFi Hackathon  in partnership with Terra &amp; Polygon. https://t.co/JnJijDbG00",Positive
82,82,jamesplloyd,2022-02-22 13:52:01+00:00,1,Twitter for iPhone,"@jonrussell ‚ÄúIn May 2015, Hoenisch and the cofounders of his crypto debit card venture‚Äîfirst known as OneBit‚Äîhad some success at a Mastercard Masters of Code hackathon in Singapore.‚Äù

I remember it well!",Positive
83,83,julianhosp,2022-02-22 13:21:32+00:00,39,Twitter Web App,11/ We stayed in touch and he kept me posted on what was happening in the crypto space. May 2015 we chatted on meeting for a hackathon in Singapore: https://t.co/Tn4qZNU3a6,Neutral
84,84,ohmarkely,2022-02-20 01:03:08+00:00,0,Twitter for iPhone,"On my way to one of the best Web3 Blockchain hackathon/bootcamp that I‚Äôve attended (so far), the 2022 @solana Riptide Hackathon @ Singapore Hacker House. @marinabaysands.  I‚Äôve met great devs who I believe have very bright future in this web3 Metaverse Space‚Ä¶ üôèüôèüôèüöÄüåï https://t.co/8L61mjPUlz",Positive
85,85,SoceanFinance,2022-02-16 06:35:40+00:00,8,Twitter Web App,"Further, in conjunction with the Singapore @hackerhouses, we're giving out an additional 500 USDC for anyone that integrates or builds on us during this Hackathon! 

Check out our SDK here üëá
https://t.co/2PRsIfVE1H",Positive
86,86,pavelbains,2022-02-16 04:02:59+00:00,75,Twitter for iPhone,Good to see crypto events back on Singapore. #solana hackathon with @HackerHouseSOL https://t.co/5AXsh9F2PB,Positive
87,87,TezosBezos,2022-02-15 07:03:37+00:00,0,Twitter for iPhone,"#SolanaHackerHouse in Singapore is like a weird speed dating for nerds we dont even know if theres a hackathon LOL 99% male audience and I bet both my balls peeps aint getting any

#Solana #Singapore",Positive
88,88,PennyLaneAI,2022-02-08 02:00:06+00:00,34,Sprout Social,"#QHack2022 Prize Announcement üì£ 

Enter the QAOA Challenge in the QHack Open Hackathon for your chance to win a 12-week paid internship at @EntropicaLabs! ü§© 

This internship can be remote or in-person (Singapore)

Sign up today at https://t.co/EdmmMI4ne2 https://t.co/DOr3bVFrc3",Positive
89,89,deminism,2022-01-27 18:38:12+00:00,2,Twitter Web App,Some years ago we won third place at the space hackathon in Singapore with a similar origami solution: https://t.co/y9tmxJtYdB,Positive
90,90,thetanuts,2022-01-15 12:27:37+00:00,4,Twitter for iPhone,Theta Nuts is proud to announce that we will be participating in the Binance DeFi Hackathon 2022 in #Singapore this March!,Positive
91,91,agorize,2022-01-12 10:30:00+00:00,0,Zoho Social,"Time is running out to enter the Huawei Hackathon Singapore 2022. Entries close on 16th January 2022. Don‚Äôt miss out on cash prizes, unique employment opportunities, and the chance to work with a leading global technology innovator! 
Enter today üëâüèªhttps://t.co/jnEKMX7DxE",Positive
92,92,knuckledusted,2022-01-11 15:37:39+00:00,0,Twitter Web App,We would like to propose Singapore as a #HackNode during the @NEARProtocol Hackathon starting October 15th! #NEARHacks,Positive
93,93,AngelHack,2022-01-11 12:00:22+00:00,2,Hootsuite Inc.,"üì∫ Catch the hacksingapore Opening Ceremony here to watch the welcome address by IMDA and Food Bank Singapore and as we deep dive into the individual tracks &amp; challenge statements of the hackathon!

Register today at ‚û°Ô∏è https://t.co/VQtpzUWEOs  https://t.co/Th8OKGOlhx",Positive
94,94,nowheremetavrse,2022-01-07 16:03:58+00:00,6,HubSpot,"We are honored to have our own Ana Constantino judging the Singapore Web 3.0 Hackathon this Sunday in the #metaverse category. Best of luck to all the #blockchain talents this weekend!

Find out more about the Web 3.0 Hackathon below.

[https://t.co/pAh0vDh5bw] https://t.co/3qZLY9R7mE",Positive
95,95,Arubaito_IO,2022-01-05 14:50:05+00:00,1,arubaito_job_poster,"Crypto Job: (reBaked: Marketing Lead for Hackathon Platform)
Apply Here: https://t.co/pbGKJHUzxH

üë®‚ÄçüöÄüë©‚ÄçüöÄ

  Headquarters: Singapore
    URL: https://t.co/1iiS6rwu1f

We are looking for a talented Marketing Lead, who will be able to wear more...

#CryptoJobs #BlockchainJobs",Positive
96,96,ZeeTVAPAC,2022-01-05 12:25:19+00:00,2,Twitter Web App,"Expect the unexpected from these young sharp minds of Singapore! 
Get ready to meet the champions in @mysinda presents Champ Coder, a coding hackathon on Sunday 9th January, at 6:30 PM &amp; 11:30 PM (SGT), only on #ZeeTVAPAC

#TheLavenderSpaceshipProjectSTEMReadyGirls #KidsgetCoding https://t.co/oqRRddInQz",Positive
97,97,ariftukiman,2022-01-02 02:02:58+00:00,0,Twitter Web App,"2014
I joined many hackathons and startup community events, and I even went to Singapore for one DBS Bank Hackathon challenge.

My objective is to start exploring the outside world and expand my network. https://t.co/EyHltuhl1q",Positive
98,98,Hannidew,2021-12-30 11:01:42+00:00,0,Twitter for Android,"Could you showcase your database skills to create a unique cloud-based product solution for Huawei? Enter the Huawei Hackathon Singapore Challenge - your opportunity to compete for cash prizes, employment opportunities and more https://t.co/qTvWiq0jND",Positive
99,99,SGInnovate,2021-12-29 09:25:00+00:00,0,Twitter for Advertisers,"Join the #HUAWEICLOUDSPARK Hackathon Singapore 2022 to win up to US$15,000 &amp; get fast-tracked access to roles within @Huawei &amp; the Spark Programme portfolio startups.

üí• Open to students &amp; recent graduates
üí• Solutions must be developed using @Huaweiit's tools

Find out more:",Positive
100,100,criptikos,2021-12-28 17:38:21+00:00,0,IFTTT,"Singapore, Singapore, 28th December, 2021,

Hackathon To Support Developers And Promote Growing GameFi Trend

Leading NFT marketplace APENFT, in partnership with TRON, one of the world‚Äôs largest and most popular blockchain-based operating systems, has la‚Ä¶ https://t.co/oDRNwXgTk5",Positive
101,101,TechCoffeeHouse,2021-12-23 02:00:11+00:00,0,WordPress.com,Singapore Hackathon to find community-driven solutions to local challenges https://t.co/WGO1YyIqqe,Positive
102,102,rishabh16_,2021-12-23 01:07:14+00:00,15,Twitter Web App,"Going for a hackathon after VERY, VERY long time. All the popular ones in Singapore got cancelled coz of covid üò≠üò≠

This is gonna hit different frfr",Negative
103,103,LAHSGwalior,2021-12-22 07:23:19+00:00,2,Twitter Web App,"ICode Global Hackathon Final Results 
üèÜ LAHS Gwalior students BAG ALL TOP 10 POSITIONS IN INDIA &amp; TOP 50 POSITIONS GLOBALLY  üèÜL  Competing with Top schools from Countries  like USA, Israel, China, Singapore, UAE, and others. https://t.co/b3L44Qohh6",Positive
104,104,MadGrowr,2021-12-18 05:04:34+00:00,0,Twitter for iPhone,"After the dear to Bill and Melinda Gates Foundation project Mojaloop failed to deliver airdrops with UBI to Myanmar opposition, the job was done by crypto
In Singapore couple of months ago a CBDC Hackathon was held that couldn‚Äôt produce viable solution for CBDC that is not crypto",Positive
105,105,genie_sg,2021-12-16 12:10:47+00:00,5,EveryoneSocial,"We're happy to share that 70 students across Asia Pacific, including the Philippines, Australia, Malaysia, Singapore, and India, took part in our APAC Secur‚ÄôIT Cup hackathon last month! See who bagged the prize in this report. https://t.co/IQD8fSHwrJ https://t.co/KksWktGkg8",Positive
106,106,gsdeveloper,2021-12-15 10:00:01+00:00,6,Sprinklr Publishing,"Only 7 days left to sign up for GS ENGage 2021, our Hackathon in Singapore! Join us to showcase your coding &amp; problem solving skills. Submission deadline is December 22: https://t.co/IAPgSBRZbp #GSEngineering https://t.co/vwamhqWVPi",Positive
107,107,gsdeveloper,2021-12-13 17:00:01+00:00,2,Sprinklr Publishing,A chance to develop a data solution to extract and transform ESG data to a well-curated data model. Join our virtual hackathon GS ENGage 2021 with #GSEngineering Singapore: https://t.co/H1rSNPlk41,Positive
108,108,gsdeveloper,2021-12-08 23:44:28+00:00,3,Sprinklr Publishing,Interested in designing a system that streamlines the report generation process? Join our virtual hackathon GS ENGage 2021 with #GSEngineering Singapore: https://t.co/TVsrTilwRD,Positive
109,109,PwC_Singapore,2021-12-08 09:56:37+00:00,2,Twitter Web App,It is exciting to see #undergraduate talent putting their skills and ideas to address #CloudSecurity problem statements in our #Hackathon Challenge 2021. Congratulations to #HackaDay2021‚Äôs Singapore winner - ‚ÄòonlyHats‚Äô from Singapore Institute of Management! https://t.co/wkOkCVLWHb,Positive
110,110,tangenghui,2021-12-06 03:36:58+00:00,0,Twitter Web App,"Moledao launched global Web 3.0 #Hackathon for #blockchain enthusiasts 

https://t.co/cFWhtnoPdV

#Singapore #FinTech #Technology",Positive
111,111,sanleeyiqian,2021-12-05 16:01:08+00:00,0,EveryoneSocial,"We're happy to share that 70 students across Asia Pacific, including the Philippines, Australia, Malaysia, Singapore, and India, took part in our APAC Secur‚ÄôIT Cup hackathon last month! See who bagged the prize in this report. https://t.co/xfDXrphLtG https://t.co/GbGKhS3XKb",Positive
112,112,GMCInnovation,2021-12-04 20:02:51+00:00,0,givemechallenge,"Huawei Cloud Spark Hackathon Singapore 2022 | Are you a technology enthusiast, talented developer or aspiring entrepreneur? We are thrilled to announce the launch of the very first...
Follow us ||  #Competitions #Scholarships #Contests
https://t.co/i2XCXVtfnj https://t.co/fc5BeCvGm5",Positive
113,113,HuobiSg,2021-12-04 01:31:53+00:00,6,Twitter for Android,"Our CEO Edward Chen will be participating as one of the judges in the Singapore Blockchain Innovation Challenge Hackathon happening today. More info here: https://t.co/hba4lvvTUi 
#hackathon #Blockchain #sbip",Positive
114,114,Ruksana63232544,2021-12-03 15:33:16+00:00,0,EveryoneSocial,"We're happy to share that 70 students across Asia Pacific, including the Philippines, Australia, Malaysia, Singapore, and India, took part in our APAC Secur‚ÄôIT Cup hackathon last month! See who bagged the prize in this report. https://t.co/5xbI6saWfW https://t.co/5izd61F4AT",Positive
115,115,HuobiTech,2021-12-03 10:14:37+00:00,16,Twitter Web App,".@HuobiSg CEO Edward Chen will be participating as one of the judges in the Singapore Blockchain Innovation Challenge Hackathon tomorrow. 
More info here: https://t.co/qK8tcsNGbQ 
#hackathon #Blockchain",Positive
116,116,PetrFedorovCHR,2021-12-03 06:56:03+00:00,0,EveryoneSocial,"We're happy to share that 70 students across Asia Pacific, including the Philippines, Australia, Malaysia, Singapore, and India, took part in our APAC Secur‚ÄôIT Cup hackathon last month! See who bagged the prize in this report. https://t.co/wpDsfSaDTe https://t.co/FQn7XsWHqJ",Positive
117,117,codingal,2021-11-30 08:30:00+00:00,0,HubSpot,"We are happy to announce the Code Connect Hackathon winners! üéâ
Winners: V Sreevatsav, C V R Memorial Eng. Med. School, Anantapur
1st runner-up: Vibhu, Yuvabharathi International School, Singapore
2nd runner-up: Hasna Mariyam. P, San Academy, Chennai
 Congratulations to all!üôÇ https://t.co/XOcM4BB431",Positive
118,118,PwC_Singapore,2021-11-18 10:32:52+00:00,1,Twitter Web App,Registration is closing soon! Sign up for our Hackathon Challenge 2021 by 24 November if you‚Äôre a penultimate or final year university student in Singapore with a passion for #CyberSecurity and stand a chance to win cash prizes and an internship with us. https://t.co/FfMZ0kD3EI,Positive
119,119,agorize,2021-11-18 10:00:01+00:00,0,Zoho Social,"Enter the Huawei Hackathon Singapore Challenge - your opportunity to compete for cash prizes, employment opportunities, and the prestige of working with a leading global brand! üëâüèª https://t.co/IE7uKSWcJq https://t.co/66NDhft6Ay",Positive
120,120,PwC_Singapore,2021-11-12 10:10:26+00:00,1,Twitter Web App,Calling all penultimate &amp; final year uni students in Singapore: We‚Äôre looking for creative minds to help enhance #CloudSecurity for companies at our Hackathon Challenge 2021! Register by 19 Nov to stand a chance to win cash prizes &amp; an internship with us. https://t.co/FfMZ0kD3EI,Positive
121,121,codingal,2021-11-12 10:00:00+00:00,0,HubSpot,"We are happy to announce the Code Spartans Hackathon winners! üéâ

Winner: Samhith Gurajapu, @JSSPSHSR, Bengaluru
1st runner-up: V Sreevatsav, CVR Memorial School, Anantpur
2nd runner-up: Vibhu, Yuvabharathi International School, Singapore

Congratulations to all the winners! üôÇ https://t.co/Bs983MMIWR",Positive
122,122,XilinxInc,2021-11-09 01:55:02+00:00,11,Sprout Social,"Women from universities in Beijing, Hong Kong, Shanghai, and Singapore came together for Xilinx's All Women Thematic #Hackathon. All participants built 2WD cars using Xilinx #PYNQ boards. Congrats to all the teams!

Learn about the event: https://t.co/eFL1kl5spq

#Womenintech https://t.co/MgoLjcD5oX",Positive
123,123,Yen_zv,2021-11-03 05:39:40+00:00,0,Twitter Web App,@mindsgn helloÔºåwe're a team in Singapore and we're about to host a high-prize hackathon. would u like to do something with us?,Positive
124,124,covcampus,2021-11-02 16:31:08+00:00,9,Agorapulse app,"A recent project led by Coventry University brought together students from the UK and Singapore to take part in a hackathon, with the aim to create and pitch business ideas that supported Net Carbon Zero objectives: https://t.co/cauTOpR3UK @CU_Singapore @COP26 https://t.co/nt1UnRPTT8",Positive
125,125,CU_Singapore,2021-10-30 09:13:20+00:00,3,Twitter for Android,"Congratulations to the winners of 2021 UKSAEI Climate Change and Sustainability Hackathon ü•≥ü•≥
Established in April 2021, UKSAEI brings together 12 UK and 5 Singapore universities to promote collaboration in Entrepreneurship and Innovation.
#entrepeneurship #innovation https://t.co/8h6LEnOAMJ",Positive
126,126,dbsbank,2021-10-29 04:07:12+00:00,3,Sprinklr Publishing,"An idea to equip female Telegram users with safety and privacy functions such as watermarking and face blurring is among the winners at this year's Hackathon for a Better World, organised by DBS, @SingaporeMCI and the Singapore Judiciary https://t.co/i7T2jRRBd1

Photo: Go Women https://t.co/9zaBLRx62C",Positive
127,127,moledao_io,2021-10-18 12:08:52+00:00,1,Twitter for iPhone,#nowhiring #Hiring #startup #blockchain #blockchaineducation #hackathon #singapore,Neutral
128,128,HawksightCo,2021-10-13 14:26:22+00:00,25,Twitter Web App,"‚òÄÔ∏èWe are Singapore-based, backed by European investors, founded by Filipinos &amp; Indonesians, winners of @SCB10X_OFFICIAL Global DeFi Hackathon, and driving DeFi adoption Globally

üî•And we have joined @solana #IGNITION LFG

@austin_federa @therealchaseeb
@aeyakovenko @rajgokal https://t.co/8Gk4o5bTFI",Positive
129,129,livestormapp,2021-10-13 09:38:07+00:00,6,Twitter Web App,"1/ 

A very big congrats to the winners of our first virtual #hackathon üéâ

Our Demo Day was truly a global event, with finalists tuning in from France, Italy, South Africa, India and Singapore!

Take a look at their creative Livestorm Plugins:

(a thread üßµ) https://t.co/nSlevmrCvA",Positive
130,130,thebu11runner,2021-10-12 15:27:12+00:00,33,Twitter for Android,"SDF has partnered with academic programs around the world üåé üéì

Including Berkeley, London, Singapore, Cyprus 

Stellar also provides a range of resources to students outside of those partnerships, including grants &amp; guest lectures, as well as hackathon events

#Stellar $XLM",Positive
131,131,_pict_acm_,2021-10-07 05:30:47+00:00,1,Twitter Web App,"üí´ He has been felicitated by Prime Minister of India, Shri Narendra Modi for representing India as a part of the national hackathon team for Singapore-India Hackathon. ü§©",Negative
132,132,RMITVietnam,2021-09-23 01:00:04+00:00,2,Buffer,"Going up against 28 teams from Singapore and the region, a team of five @RMITVietnam students took home third place at Singapore #HumanResource Institute‚Äôs (SHRI) Annual Hackathon. Read more: https://t.co/oqu06FjXKi https://t.co/ndqS8CnC0o",Neutral
133,133,thirstonline,2021-09-21 13:30:02+00:00,1,Buffer,"Will the pandemic be an inflection point for digital missions?

Mervyn Lee from @indigitous Singapore lays down this challenge and throws out an invitation to virtual hackathon #HACK2021. 
https://t.co/hnLbbkcerS",Positive
134,134,jais_george,2021-09-21 10:30:19+00:00,1,ETRetail.com,DBS Bank to recruit 150 people for tech roles through virtual hackathon programme #SoutheastAsia #DbsBank #HACKATHON #ArtificialIntelligence #MachineLearning #Singapore #Recruitment #Hiring #TalentAcquisition  https://t.co/OqeOPGPSmj,Neutral
135,135,sianjon,2021-09-20 22:15:32+00:00,1,Twitter Web App,Should I have woken up earlier for this airdrop? I'm attending from Singapore  @MessariCrypto #Mainnet2021 and taking part in the #HarmonyONE hackathon as well.,Positive
136,136,SingaporeJobs88,2021-09-20 06:48:36+00:00,1,IFTTT,"DBS to hire 150 people for tech roles through programme with virtual hackathon, Banking ... https://t.co/Vy3lNO9OW0 #singapore #jobs",Neutral
137,137,DucThu82,2021-09-17 15:09:42+00:00,10,Twitter for iPhone,"WhyBorder - A billion-dollar real estate company, one of the top 3 largest companies in Singapore, has officially joined Pi Network's Hackathon. Don't let the money fall. Follow link to mine Pi now: https://t.co/YOHnnBUogI , invite code: thund https://t.co/Ryon9FmfpT",Positive
138,138,Filecoin,2021-09-10 18:44:30+00:00,11,Twitter for iPhone,"üåè Asia Hackathon Season 2021 üåè

Running now through Fall 2021:
ü™ê ""Saturn"" with the @WXblockchain Hackathon
üî≠ ""Jupiter"" with @alibaba_cloud 
üõ∏ ""Mars"" with @0xPolygon
üõ∞ ""Mercury"" with Singapore-based Tribe

Learn more: https://t.co/anVRcv0zWx",Neutral
139,139,_LegalJoe,2021-09-09 21:57:34+00:00,0,dlvr.it,"Linklaters, CC + Dentons-Backed Singapore Hackathon ‚Äì The Winners https://t.co/w2TO5LBnA3 https://t.co/MtjcTjpoeT",Positive
140,140,Sooly_Kobayashi,2021-09-01 13:29:55+00:00,4,Twitter Web App,"#Shitcoins #Hackathon #Shitcathon
Monetary Authority of Singapore Chooses 15 Finalists for Global CBDC Challenge
https://t.co/IbBWBuHeIz",Positive
141,141,jillrgunter,2021-08-30 14:48:10+00:00,21,Twitter for iPhone,"üì£ Open-sourced DeFi Projects, RFC !! üö®

This week, NTU Singapore is collecting project ideas for its 80+ students in their CS course ‚Äî and want YOUR input on the problems they should solve.

Think of it as an ETH hackathon without the bounties!

A few more details üëá https://t.co/TZwVhJHdza",Negative
142,142,MasMazCom,2021-08-28 00:41:26+00:00,0,MasMaz,"Linklaters, CC + Dentons-Backed Singapore Hackathon ‚Äì The Winners - https://t.co/hcU5l2XrAN",Positive
143,143,Dataemia,2021-08-28 00:41:26+00:00,0,Newsemia,"Linklaters, CC + Dentons-Backed Singapore Hackathon ‚Äì The Winners - https://t.co/Ji4MIDy05K",Positive
144,144,GChatzipavlou,2021-08-27 08:29:35+00:00,1,dlvr.it,"Linklaters, CC + Dentons-Backed Singapore Hackathon ‚Äì The Winners: A legal tech hackathon for students in Singapore, backed by Linklaters, Clifford Chance and Dentons Rodyk, has announced the winning teams. The event was organised ... https://t.co/SSbQCqBBBP",Positive
145,145,simmuc,2021-08-27 07:24:35+00:00,0,Twitter Web App,"Linklaters, CC + Dentons-Backed Singapore Hackathon - The Winners https://t.co/BWX02Ehlkf via @ArtificialLawya",Positive
146,146,ArtificialLawya,2021-08-27 06:51:44+00:00,5,Twitter Web App,"Linklaters, CC + Dentons-Backed Singapore Hackathon - The Winners 

&gt; Good to see that hackathons for students are still going on, in this case in Singapore. HT @sgSMU @LinklatersLLP @Clifford_Chance @Dentons @Dentons_Rodyk @avvokadocs @LexisNexis 

https://t.co/M9JMYsK9iH",Positive
147,147,ArtificialLawya,2021-08-27 06:39:26+00:00,0,WordPress.com,"Linklaters, CC + Dentons-Backed Singapore Hackathon ‚Äì The¬†Winners https://t.co/M9JMYsK9iH",Positive
148,148,SingaporeMCI,2021-08-26 07:44:54+00:00,3,Twitter Web App,"As the first private-public collaboration under the Singapore Together Alliance for Action to tackle online harms, especially those targeted at women and girls, we launched a community hackathon, together with @dbsbank and Singapore Judiciary last month. https://t.co/uChIAh1MUi",Negative
149,149,IndiainSingapor,2021-08-23 10:03:05+00:00,9,Twitter for iPhone,"High Commissioner of India, Singapore interacted with and congratulated the winners of the ASEAN-INDIA Hackathon  held in February 2021. @MEAIndia @AICTE_INDIA @NUSingapore 
@sgSMU @NTUsg https://t.co/bCKSAwOD2L",Positive
150,150,FAforWomen,2021-08-04 12:12:32+00:00,3,Twitter Web App,"HACKATHON is starting!
Unlocking the full power of the female economy, check all the interesting topics in the schedule

Date: Wednesday August 4, 2021
Time: 
8:00 ‚Äì 9:30 AM New York Time 
1:00 ‚Äì 2:30 PM London Time 
8:00 ‚Äì 9:30 PM Singapore Time
#ALLIANCEHACK https://t.co/38XOsSgxld",Positive
